weekday_name,revenue
Saturday,3797.0099999999998
Sunday,3346.81
Friday,3103.322
Monday,1833.5475
Wednesday,1832.5819999999999
Thursday,1795.096
Tuesday,1730.325
